Name,Followers,Stance,Sex,Handle,Tweets,Responses,std,Max.responses,Min.respos,Ave.Response,Resp.Freq,deleted,closed,protected,suspended,Conv.0,Conv.1,Conv.2,Conv.3,Conv.4,Conv.5,Conv.6,Conv.7,Conv.8,Conv.9,Conv.10,Conv.11,Conv.12,Conv.13,Conv.14,Conv.15,Conv.16,Conv.17,Conv.18,Conv.19,Conv.20,Conv.21,Conv.22,Conv.23,Conv.24,Conv.25,Conv.26,Conv.27,Conv.28,Conv.29,Conv.30,Conv.31,Conv.32,Conv.33,Conv.34,Conv.35,Conv.36,Conv.37,Conv.38,Conv.39,Conv.40,Conv.41,Conv.42,Conv.43,Conv.44,Conv.45,Conv.46,Conv.47,Conv.48,Conv.49,Conv.50,Conv.51,Conv.52,Conv.53,Conv.54,Conv.55,Conv.56,Conv.57,Conv.58,Conv.59,Conv.60,Conv.61,Conv.62,Conv.63,Conv.64,Conv.65,Conv.66,Conv.67,Conv.68,Conv.69,Conv.70,Conv.71,Conv.72,Conv.73,Conv.74
Michelle Malkin,2163025,conservative,female,michellemalkin,37,1750,38.12,99,1,47.30,99:9,78,42,16,18,0,0,1,4,0,0,0,7,2,0,4,0,1,2,0,3,0,1,0,0,6,0,0,2,3,0,2,3,0,2,1,0,6,2,4,3,1,,,,,,,,,,,,,,,,,,,,,,,,,,,,,,,,,,,,,,
Melissa Harris-Perry,695384,liberal,female,mharrisperry,44,94,4.75,24,0,2.14,1:20,4,1,1,2,0,0,0,0,0,0,0,0,0,0,0,0,0,0,0,0,0,0,0,0,0,1,0,0,0,0,1,0,0,0,0,0,0,0,0,0,0,0,1,0,0,0,0,0,,,,,,,,,,,,,,,,,,,,,,,,,,,,,,,
Mika Brzezinski,729694,liberal,female,morningmika,47,3953,23.25,99,19,84.11,99:30,176,91,17,68,1,3,3,2,5,2,3,2,3,0,6,0,1,4,2,12,2,6,3,9,9,3,7,1,1,1,0,3,3,2,6,2,1,4,3,3,2,6,2,7,3,4,5,5,3,3,1,,,,,,,,,,,,,,,,,,,,,,,,,,,,
Shepard Smith,214237,liberal,male,ShepNewsTeam,65,1641,25.29,99,2,25.25,7:6,78,22,17,37,0,0,4,0,0,0,2,3,0,0,0,0,0,0,3,0,0,0,1,0,3,0,1,2,1,0,0,1,0,0,0,0,0,1,1,0,0,1,0,3,1,1,18,0,0,1,3,3,1,0,1,0,0,0,0,0,0,0,0,0,0,2,0,1,0,,,,,,,,,,
Chris Cuomo,1260446,liberal,male,chriscuomo,42,1434,32.73,99,0,34.14,99:5,65,28,18,18,0,0,1,0,0,1,2,0,0,1,3,0,1,3,1,1,0,0,3,0,4,0,0,1,0,1,2,0,0,0,4,0,3,1,0,7,0,0,0,5,0,1,,,,,,,,,,,,,,,,,,,,,,,,,,,,,,,,,
Jemele Hill,760624,liberal,female,jemelehill,32,2402,30.68,99,5,75.06,99:17,133,75,13,45,11,0,0,3,6,6,3,5,3,6,3,1,3,13,2,0,1,3,2,5,11,4,2,5,2,3,0,2,1,2,12,0,,,,,,,,,,,,,,,,,,,,,,,,,,,,,,,,,,,,,,,,,,,
Glenn Greenwald,907673,liberal,male,ggreenwald,16,1046,34.63,99,4,65.38,99:6,75,55,9,11,12,3,9,2,6,4,0,2,13,0,0,2,0,0,7,6,,,,,,,,,,,,,,,,,,,,,,,,,,,,,,,,,,,,,,,,,,,,,,,,,,,,,,,,,,,
Eric Bolling,781012,conservative,male,ericbolling,54,4989,14.36,99,51,92.39,99:42,218,119,31,62,5,0,6,1,0,3,17,3,1,1,1,4,3,0,1,3,4,2,2,5,4,4,2,1,1,7,12,4,2,3,5,4,3,2,3,2,4,2,3,2,1,2,1,6,2,5,4,0,4,2,5,6,1,10,,,,,,,,,,,,,,,,,,,,,
Robert Costa,330983,neutral,male,costareports,24,763,35.54,99,2,31.79,99:5,27,15,2,9,0,0,2,0,0,2,1,0,0,7,0,0,0,0,0,0,0,2,2,6,1,1,0,0,,,,,,,,,,,,,,,,,,,,,,,,,,,,,,,,,,,,,,,,,,,,,,,,,,,
Peggy Noonan,161822,conservative,female,Peggynoonannyc,18,369,27.29,99,0,20.50,4:4,21,8,8,5,0,0,2,0,0,0,6,2,0,0,0,0,0,0,2,0,1,0,,,,,,,,,,,,,,,,,,,,,,,,,,,,,,,,,,,,,,,,,,,,,,,,,,,,,,,,,
Tavis Smiley,346337,liberal,male,tavissmiley,61,55,1.73,12,0,0.90,0:33,2,2,0,0,0,0,0,0,0,0,0,0,1,0,0,0,0,0,0,0,0,0,0,0,0,0,0,0,0,0,0,0,0,0,0,0,0,0,0,0,0,0,0,0,0,0,0,0,0,0,0,0,0,0,0,0,0,1,0,0,0,0,0,0,0,,,,,,,,,,,,,,
Bill Hemmer,300585,conservative,male,billhemmer,36,766,19.70,99,0,21.28,10:3,71,14,2,54,2,0,1,1,0,0,0,45,2,0,0,1,0,0,0,0,0,0,0,1,0,2,1,1,0,0,1,0,0,0,1,1,3,2,2,1,,,,,,,,,,,,,,,,,,,,,,,,,,,,,,,,,,,,,,,
Michelle Obama,9135140,liberal,female,michelleobama,43,4174,7.40,99,63,97.07,99:40,161,86,32,40,1,10,3,8,1,2,6,4,4,3,1,2,1,1,0,7,0,1,1,0,1,2,6,0,3,1,6,1,1,3,0,1,4,5,4,1,4,3,3,3,2,11,5,,,,,,,,,,,,,,,,,,,,,,,,,,,,,,,,
Christopher Hayes,1399679,liberal,male,chrislhayes,17,1167,34.39,99,7,68.65,99:7,39,20,7,7,1,0,1,6,0,1,1,2,2,3,2,4,0,0,1,1,2,,,,,,,,,,,,,,,,,,,,,,,,,,,,,,,,,,,,,,,,,,,,,,,,,,,,,,,,,,
George Stephanopoulos,2634575,liberal,male,gstephanopoulos,71,4530,34.19,99,4,63.80,99:28,160,89,26,39,7,0,1,1,0,1,3,1,2,6,1,0,1,6,2,2,0,2,0,0,1,1,3,8,2,0,1,1,0,0,7,0,0,2,0,1,2,6,0,1,0,2,1,2,4,1,1,0,3,0,0,4,0,11,0,1,1,0,4,4,3,2,1,1,2,2,0,1,1,2,2,,,,
Nate Silver,2588570,liberal,male,NateSilver538,31,2572,25.37,99,21,82.97,99:20,98,60,26,7,1,1,0,2,3,0,0,1,2,2,3,3,2,3,0,4,2,2,1,1,3,4,1,10,2,3,1,0,2,7,1,,,,,,,,,,,,,,,,,,,,,,,,,,,,,,,,,,,,,,,,,,,,
David Corn,537143,liberal,male,davidcorndc,37,2720,32.98,99,3,73.51,99:18,67,44,13,8,1,5,1,3,1,0,1,0,0,0,4,2,3,0,3,0,4,1,3,2,0,2,1,1,1,3,0,0,2,2,0,2,0,2,1,1,0,,,,,,,,,,,,,,,,,,,,,,,,,,,,,,,,,,,,,,
Lydia Cacho,1233171,unknown,female,lydiacachosi,26,276,22.35,99,0,10.62,0:9,9,9,0,0,0,0,0,0,2,0,0,3,0,0,0,1,0,0,0,3,0,0,0,0,0,0,0,0,0,0,,,,,,,,,,,,,,,,,,,,,,,,,,,,,,,,,,,,,,,,,,,,,,,,,
Rich Lowry,141746,conservative,male,richlowry,12,334,25.86,99,2,27.83,2:1,11,4,1,6,0,1,1,0,3,0,0,1,2,0,0,2,,,,,,,,,,,,,,,,,,,,,,,,,,,,,,,,,,,,,,,,,,,,,,,,,,,,,,,,,,,,,,,
Fred Barnes,80526,conservative,male,fredbarnes,75,523,8.13,42,0,6.97,3:12,12,11,0,1,0,0,0,0,0,0,2,0,0,0,0,0,0,0,1,0,0,1,0,0,0,0,0,0,0,0,0,0,1,0,0,0,0,0,0,1,0,0,0,0,0,0,0,0,0,0,0,0,0,0,0,1,0,0,0,0,0,0,0,1,0,0,0,3,0,0,0,0,0,0,0,0,0,1,0
Andrew Malcolm,159947,conservative,male,ahmalcolm,65,131,2.67,11,0,2.02,0:21,5,2,3,0,0,0,0,0,0,0,0,1,0,0,0,0,0,0,0,0,0,0,0,0,0,0,0,0,0,0,0,0,0,0,0,0,0,0,0,0,0,1,0,0,0,0,0,0,0,0,0,0,0,0,0,0,0,0,0,0,0,0,0,0,0,0,0,0,0,,,,,,,,,,
Erick Erickson,187557,conservative,male,ewerickson,16,763,43.35,99,1,47.69,99:6,43,19,10,14,1,0,16,0,5,0,0,0,4,2,1,1,1,0,1,1,,,,,,,,,,,,,,,,,,,,,,,,,,,,,,,,,,,,,,,,,,,,,,,,,,,,,,,,,,,
Elisabeth Hasselbeck,401904,conservative,female,ehasselbeck,69,124,6.97,58,0,1.80,0:32,0,0,0,0,0,0,0,0,0,0,0,0,0,0,0,0,0,0,0,0,0,0,0,0,0,0,0,0,0,0,0,0,0,0,0,0,0,0,0,0,0,0,0,0,0,0,0,0,0,0,0,0,0,0,0,0,0,0,0,0,0,0,0,0,0,0,0,0,0,0,0,0,0,,,,,,
Connie Schultz,34870,liberal,female,connieschultz,46,965,29.50,99,0,20.98,4:6,14,9,3,1,0,0,1,0,0,2,0,0,0,0,0,0,0,0,1,0,0,0,0,0,0,1,0,0,0,0,0,0,0,0,0,0,0,0,2,1,0,0,0,0,0,0,0,1,1,0,,,,,,,,,,,,,,,,,,,,,,,,,,,,,
Ana Marie Cox,1364111,liberal,female,anamariecox,13,407,31.93,99,2,31.31,8:3,7,6,1,0,0,0,0,1,0,0,0,0,0,0,3,2,0,,,,,,,,,,,,,,,,,,,,,,,,,,,,,,,,,,,,,,,,,,,,,,,,,,,,,,,,,,,,,,
Reverend Al Sharpton,545584,liberal,male,thereval,52,473,7.99,42,1,9.10,3:6,26,8,2,16,0,0,0,0,0,0,0,0,1,0,0,0,0,0,0,0,3,0,0,0,1,1,0,0,1,0,1,0,1,0,0,0,4,1,1,0,0,0,0,0,1,0,1,0,0,1,1,0,0,1,0,4,,,,,,,,,,,,,,,,,,,,,,,
Monica Crowley,453314,conservative,female,monicacrowley,38,1168,28.55,99,1,30.74,99:4,42,23,2,13,0,0,3,0,0,0,3,1,0,0,1,0,1,2,0,0,3,2,0,0,7,1,0,0,0,0,0,3,0,1,0,0,0,1,3,1,0,3,,,,,,,,,,,,,,,,,,,,,,,,,,,,,,,,,,,,,
Dave Weigel,349465,unknown,male,daveweigel,25,743,26.57,99,1,29.72,26:3,38,29,4,5,1,0,3,0,0,1,1,0,0,3,6,4,0,2,0,0,3,1,1,3,4,0,0,1,0,,,,,,,,,,,,,,,,,,,,,,,,,,,,,,,,,,,,,,,,,,,,,,,,,,
Greta Van Susteren,1197520,conservative,female,greta,54,1022,22.86,99,1,18.93,2:6,56,39,8,7,1,0,0,1,1,0,0,1,0,1,0,0,1,1,3,3,3,0,2,2,0,1,0,0,0,0,8,0,0,0,0,0,1,0,0,0,0,6,1,2,1,1,0,1,0,0,0,2,0,0,0,0,1,1,,,,,,,,,,,,,,,,,,,,,
Brit Hume,771343,conservative,male,brithume,40,3150,30.51,99,6,78.75,99:24,150,105,13,29,6,4,3,8,0,2,3,4,2,5,4,2,2,9,1,9,0,0,5,0,5,2,1,0,7,0,2,3,3,0,7,6,2,4,9,0,2,0,6,6,,,,,,,,,,,,,,,,,,,,,,,,,,,,,,,,,,,
Nicholas Kristof,2129165,liberal,male,nickkristof,27,719,32.66,99,1,26.63,2:3,62,22,5,29,1,1,17,0,2,0,0,1,5,0,1,2,0,0,0,0,0,1,0,0,0,12,0,0,0,2,6,,,,,,,,,,,,,,,,,,,,,,,,,,,,,,,,,,,,,,,,,,,,,,,,
Greg Gutfeld,855060,conservative,male,greggutfeld,44,2637,28.29,99,9,59.93,99:7,134,72,22,32,1,2,11,5,1,5,7,3,1,2,1,0,2,3,0,1,6,2,5,0,1,2,1,3,1,0,1,5,0,2,3,0,2,0,3,2,6,2,4,2,0,5,0,1,,,,,,,,,,,,,,,,,,,,,,,,,,,,,,,
Julia Ioffe,143338,liberal,female,juliaioffe,37,1624,36.25,99,4,43.89,99:8,66,44,6,15,0,0,5,0,9,1,0,1,1,0,4,3,2,1,1,8,0,3,2,3,1,0,1,0,1,0,1,2,4,0,3,0,0,2,0,0,0,,,,,,,,,,,,,,,,,,,,,,,,,,,,,,,,,,,,,,
Kathy Griffin,2085914,liberal,female,kathygriffin,51,2848,34.75,99,6,55.84,99:16,208,80,12,94,6,6,2,8,0,1,5,4,4,0,1,7,1,4,4,7,5,7,2,11,6,1,4,4,2,2,0,2,3,5,8,3,3,2,3,0,5,2,1,0,3,4,4,3,3,4,2,0,5,3,2,,,,,,,,,,,,,,,,,,,,,,,,
Claire Forlani,76314,liberal,female,ClaireAForlani,23,133,5.09,22,0,5.78,2:4,6,4,1,1,0,0,0,0,0,1,0,0,0,0,0,0,0,0,0,0,0,1,0,1,0,0,2,,,,,,,,,,,,,,,,,,,,,,,,,,,,,,,,,,,,,,,,,,,,,,,,,,,,
Laura Ingraham,1758966,conservative,female,ingrahamangle,45,4042,20.00,99,25,89.82,99:35,248,129,41,78,2,4,5,4,1,8,8,5,1,4,5,3,3,3,2,4,3,3,3,7,3,9,4,3,7,3,4,7,5,3,6,5,3,8,3,5,4,2,6,5,4,4,17,3,6,,,,,,,,,,,,,,,,,,,,,,,,,,,,,,
Fareed Zakaria,888905,neutral,male,fareedzakaria,66,1863,25.13,99,1,28.23,9:6,76,24,25,27,0,1,0,0,0,0,2,1,0,0,0,1,1,2,0,0,0,1,5,0,0,0,0,4,2,0,0,2,1,0,0,3,1,2,0,0,0,0,0,0,0,1,1,0,1,1,0,0,2,1,0,0,1,0,0,0,0,7,4,3,0,0,0,0,0,0,,,,,,,,,
Christiane Amanpour,2446456,liberal,female,camanpour,48,821,19.09,99,1,17.10,5:5,37,24,7,5,1,1,0,0,5,3,0,3,0,1,0,0,0,1,0,0,0,0,0,0,2,0,2,0,0,0,0,0,0,0,1,3,0,0,0,1,4,0,0,0,0,1,0,0,0,0,0,0,,,,,,,,,,,,,,,,,,,,,,,,,,,
Hillary Clinton,18724544,liberal,female,hillaryclinton,45,4381,6.10,99,63,97.36,99:41,276,140,15,114,1,12,8,12,7,4,4,7,10,2,1,10,7,14,6,5,7,13,7,6,2,3,3,13,5,1,2,6,7,4,12,3,7,5,2,1,6,2,3,2,6,2,4,10,0,,,,,,,,,,,,,,,,,,,,,,,,,,,,,,
Brian Kilmeade,278892,conservative,male,kilmeade,60,974,21.73,99,1,16.23,4:6,41,22,12,7,0,0,0,0,0,1,0,0,0,0,0,3,0,0,0,0,2,2,0,0,0,1,0,0,1,0,1,4,0,0,0,5,1,0,0,1,0,1,0,0,0,0,0,0,0,0,0,0,0,0,0,2,0,1,2,0,1,0,0,0,,,,,,,,,,,,,,,
Dinesh D'Souza,633941,conservative,male,DineshDSouza,23,1959,21.98,99,30,85.17,99:15,132,73,12,47,12,8,4,1,1,7,5,6,4,9,1,10,3,1,4,4,8,3,3,11,9,1,5,,,,,,,,,,,,,,,,,,,,,,,,,,,,,,,,,,,,,,,,,,,,,,,,,,,,
Chris Matthews,761821,liberal,male,HardballChris,14,683,35.97,99,3,48.79,98:2,25,11,7,5,3,1,0,2,0,1,0,0,5,0,0,0,4,0,,,,,,,,,,,,,,,,,,,,,,,,,,,,,,,,,,,,,,,,,,,,,,,,,,,,,,,,,,,,,
Major Garrett,181485,unknown,male,majorcbs,42,516,23.50,99,0,12.29,5:7,26,20,4,2,1,0,0,0,0,0,0,0,0,0,0,0,0,5,0,1,0,0,0,0,0,0,0,1,0,0,1,1,0,0,0,1,1,5,3,2,0,0,0,0,0,0,,,,,,,,,,,,,,,,,,,,,,,,,,,,,,,,,
Jonah Goldberg,258264,conservative,male,Jonahnro,29,1177,32.44,99,5,40.59,99:5,34,27,1,5,1,3,0,0,0,0,0,1,0,2,3,4,2,0,1,1,0,0,1,0,0,4,4,0,0,2,2,1,0,,,,,,,,,,,,,,,,,,,,,,,,,,,,,,,,,,,,,,,,,,,,,,
Bret Baier,1127634,conservative,male,bretbaier,15,900,36.70,99,8,60.00,99:6,33,20,7,5,2,1,3,1,4,1,1,1,2,0,2,0,6,0,1,,,,,,,,,,,,,,,,,,,,,,,,,,,,,,,,,,,,,,,,,,,,,,,,,,,,,,,,,,,,
Ed Henry,261866,conservative,male,edhenry,44,693,15.03,67,0,15.75,3:4,29,17,7,3,0,0,0,0,0,1,1,1,0,0,0,0,0,0,1,1,4,0,0,0,0,0,1,0,1,0,1,0,0,0,0,2,1,0,0,1,0,0,0,0,0,0,2,2,,,,,,,,,,,,,,,,,,,,,,,,,,,,,,,
David Burge,171909,conservative,male,iowahawkblog,14,728,38.82,99,3,52.00,99:5,25,16,3,2,1,1,2,2,0,1,0,0,5,0,4,0,1,1,,,,,,,,,,,,,,,,,,,,,,,,,,,,,,,,,,,,,,,,,,,,,,,,,,,,,,,,,,,,,
Dana Loesch,631732,conservative,female,dloesch,27,1831,35.97,99,2,67.81,99:12,98,50,8,35,4,0,8,2,3,2,0,3,1,2,2,3,6,2,2,1,3,0,6,4,1,8,9,2,4,2,5,,,,,,,,,,,,,,,,,,,,,,,,,,,,,,,,,,,,,,,,,,,,,,,,
George Will,129155,conservative,male,GeorgeWill,73,2541,25.74,99,2,34.81,99:6,71,43,10,12,2,1,0,0,1,2,2,0,2,0,0,8,0,4,2,0,0,0,2,1,1,1,0,0,2,0,0,0,0,0,0,0,0,0,0,1,1,1,1,1,0,0,0,0,2,0,0,0,1,0,0,0,0,1,0,1,0,0,0,0,3,0,0,2,1,3,0,0,0,4,1,0,0,,
Tucker Carlson,1177672,conservative,male,tuckercarlson,70,6580,14.05,99,44,94.00,99:61,345,195,49,97,3,1,5,1,3,6,3,4,4,7,4,13,4,4,3,2,5,6,3,9,7,5,4,3,3,0,4,2,2,2,2,2,5,3,5,7,6,4,4,3,6,6,6,6,12,4,5,13,2,0,6,4,3,2,1,4,3,6,1,1,4,4,5,2,3,6,1,6,2,5,,,,,
Don Lemon,549199,liberal,male,donlemon,45,4231,12.73,99,49,94.02,99:38,220,103,37,74,1,7,5,4,4,4,4,2,0,10,6,5,8,1,1,7,5,8,2,1,3,4,3,5,1,1,4,2,1,10,10,0,3,3,2,1,3,3,2,3,9,7,8,1,3,,,,,,,,,,,,,,,,,,,,,,,,,,,,,,
Brit Marling,79905,liberal,female,britmarling,37,983,24.52,99,2,26.57,3:3,49,28,15,1,0,1,1,0,0,1,0,1,0,1,2,3,0,5,1,0,0,1,0,1,2,0,0,0,0,0,1,0,0,1,0,4,0,0,0,0,3,,,,,,,,,,,,,,,,,,,,,,,,,,,,,,,,,,,,,,
John Oliver,4364128,liberal,male,iamjohnoliver,60,5696,12.58,99,29,94.93,99:52,152,84,25,36,1,1,6,2,2,1,3,5,1,3,1,4,3,0,6,1,1,6,6,1,3,2,2,0,0,1,1,1,1,1,4,2,2,0,4,0,2,0,3,2,2,3,4,2,2,1,0,3,1,0,0,0,1,0,2,2,3,4,4,1,,,,,,,,,,,,,,,
Bill Keller,66539,unknown,male,billkeller2014,69,45,1.58,11,0,0.65,0:48,1,1,0,0,0,0,0,0,0,0,0,0,0,0,0,0,0,0,0,0,0,0,0,0,0,0,0,0,0,0,0,0,0,0,0,0,0,0,0,0,0,0,0,0,0,0,0,0,0,0,0,0,0,0,0,0,0,0,0,1,0,0,0,0,0,0,0,0,0,0,0,0,0,,,,,,
Matt Yglesias,349536,liberal,male,mattyglesias,37,1320,31.00,99,5,35.68,99:5,42,27,11,3,0,0,0,1,1,2,0,0,0,0,4,0,1,2,1,1,1,0,0,0,0,3,4,1,0,0,0,1,0,1,0,1,0,1,1,1,2,,,,,,,,,,,,,,,,,,,,,,,,,,,,,,,,,,,,,,
Ashley Judd,326087,liberal,female,AshleyJudd,42,583,10.93,39,1,13.88,2:4,48,10,4,33,1,0,0,0,0,1,1,0,5,2,0,1,0,0,0,0,4,0,1,0,2,7,0,1,1,0,1,0,3,1,0,1,7,1,0,0,0,0,0,1,1,0,,,,,,,,,,,,,,,,,,,,,,,,,,,,,,,,,
Arianna Huffington,2812153,liberal,female,ariannahuff,63,169,2.75,18,0,2.68,1:17,6,2,2,2,0,0,0,0,1,0,0,0,0,0,1,0,0,0,0,0,0,0,0,0,0,0,0,0,0,0,0,0,0,0,0,0,0,0,0,0,0,0,0,0,1,0,0,0,0,0,0,0,0,0,0,0,0,0,0,0,1,0,0,0,0,0,0,,,,,,,,,,,,
Martha Maccallum,363550,unknown,female,marthamaccallum,61,3194,36.66,99,3,52.36,99:18,165,66,16,79,1,0,2,3,6,0,4,4,0,0,0,0,1,4,3,1,0,0,3,1,1,0,6,3,2,0,5,3,14,11,2,2,0,2,5,2,3,12,0,0,2,0,1,1,2,0,2,13,1,0,6,6,0,1,0,0,0,0,2,0,2,,,,,,,,,,,,,,
Maureen Dowd,637499,liberal,female,maureendowd,50,1771,30.60,99,1,35.42,99:6,54,32,2,16,0,5,0,0,2,0,0,0,0,1,0,2,0,0,0,2,1,1,0,0,7,0,0,0,0,0,2,0,2,1,1,3,0,1,2,0,3,1,0,2,0,0,4,0,5,0,0,0,0,0,,,,,,,,,,,,,,,,,,,,,,,,,
Charles M. Blow,401132,liberal,male,charlesmblow,30,1440,35.04,99,0,48.00,99:6,51,32,13,6,2,4,2,1,1,1,2,1,2,2,0,1,1,1,1,0,0,0,1,1,1,0,2,0,1,0,0,4,3,3,,,,,,,,,,,,,,,,,,,,,,,,,,,,,,,,,,,,,,,,,,,,,
Barack Obama,95642271,liberal,male,BarackObama,60,5714,9.57,99,62,95.23,99:51,233,110,51,62,3,0,3,2,4,2,1,2,0,1,6,2,5,7,1,6,4,2,2,4,7,4,1,3,1,4,2,1,1,1,4,0,3,4,6,4,1,6,2,1,5,1,3,1,3,7,2,1,5,2,1,1,1,4,6,7,1,4,3,1,,,,,,,,,,,,,,,
John Dickerson,2216034,liberal,male,jdickerson,41,602,19.29,99,1,14.68,5:7,14,11,2,0,0,0,0,0,0,1,0,0,0,0,0,0,0,0,0,0,0,0,0,3,0,3,0,0,0,0,0,0,0,1,0,0,2,0,1,0,0,0,0,0,0,,,,,,,,,,,,,,,,,,,,,,,,,,,,,,,,,,
Katy Tur,386305,unknown,female,katyturnbc,21,1187,38.89,99,4,56.52,99:9,36,19,10,7,4,0,0,1,1,0,1,1,1,5,0,0,2,1,0,1,0,2,5,0,1,,,,,,,,,,,,,,,,,,,,,,,,,,,,,,,,,,,,,,,,,,,,,,,,,,,,,,
Loretta Lynch,136219,liberal,female,aglynch,64,4359,30.39,99,8,68.11,99:26,188,66,43,71,0,2,0,1,0,2,5,5,3,3,2,0,0,0,2,3,4,4,1,1,8,4,1,0,0,0,0,0,1,0,1,0,5,9,3,1,2,0,2,1,3,3,0,2,5,4,4,3,0,3,0,1,2,5,3,0,0,7,1,5,1,5,1,3,,,,,,,,,,,
Mary Katharine Ham,210335,conservative,female,mkhammer,37,1233,31.29,99,2,33.32,3:3,38,20,8,9,3,0,0,0,0,1,2,0,0,2,0,0,2,1,0,0,0,0,0,0,0,1,0,0,2,0,3,5,0,0,2,0,2,0,0,3,0,,,,,,,,,,,,,,,,,,,,,,,,,,,,,,,,,,,,,,
Ta-Nehisi Coates,1092634,liberal,male,tanehisicoates,58,1035,21.36,99,0,17.84,8:4,43,30,4,9,1,0,0,0,0,0,0,0,0,0,2,0,0,1,1,0,0,1,1,2,0,2,0,0,1,0,1,0,1,0,0,5,0,1,0,0,0,0,3,0,1,0,0,0,0,0,0,0,1,2,2,9,0,0,0,0,0,1,,,,,,,,,,,,,,,,,
David Folkenflik,70788,unknown,male,davidfolkenflik,13,75,6.05,21,0,5.77,1:3,2,1,0,0,0,0,0,0,0,0,0,0,0,1,0,0,0,,,,,,,,,,,,,,,,,,,,,,,,,,,,,,,,,,,,,,,,,,,,,,,,,,,,,,,,,,,,,,
Oprah Winfrey,39073735,liberal,female,oprah,40,3563,17.30,99,32,89.08,99:27,154,67,37,44,0,3,3,5,3,7,2,4,1,4,0,0,6,6,4,5,2,4,9,2,3,4,3,1,0,5,3,6,1,1,1,3,0,0,2,4,2,0,1,1,,,,,,,,,,,,,,,,,,,,,,,,,,,,,,,,,,,
Pamela Geller,162854,conservative,female,pamelageller,66,1894,30.99,99,0,28.70,99:7,187,66,8,110,3,12,0,2,0,0,3,1,0,1,0,5,0,4,5,0,0,7,2,0,1,4,13,4,0,1,0,6,0,5,1,4,6,0,3,4,0,0,1,7,3,4,2,0,0,11,1,5,0,1,20,1,8,0,0,0,2,0,4,1,0,0,0,1,1,6,,,,,,,,,
Anderson Cooper,9591467,neutral,male,andersoncooper,29,2595,18.59,99,30,89.48,99:21,149,59,22,63,4,5,10,2,9,8,5,1,7,1,4,4,2,3,8,2,2,4,2,4,6,2,0,9,3,2,4,6,3,,,,,,,,,,,,,,,,,,,,,,,,,,,,,,,,,,,,,,,,,,,,,,
Asia Argento,363289,liberal,female,AsiaArgento,11,446,33.36,99,8,40.55,99:2,49,39,4,5,1,4,1,1,11,1,0,0,8,0,17,,,,,,,,,,,,,,,,,,,,,,,,,,,,,,,,,,,,,,,,,,,,,,,,,,,,,,,,,,,,,,,,
Matt Taibbi,332203,liberal,male,mtaibbi,64,2309,32.75,99,1,36.08,99:8,89,44,8,33,2,1,5,0,3,0,1,3,2,0,0,1,0,0,2,0,6,5,0,0,0,2,0,0,1,1,5,2,0,0,3,0,1,1,2,2,2,1,5,3,0,0,2,0,0,0,0,0,1,0,2,1,0,1,2,0,1,0,2,0,1,0,2,0,,,,,,,,,,,
S.E. Cupp,374510,conservative,female,secupp,54,2318,34.13,99,1,42.93,99:10,91,52,4,34,4,0,3,3,3,1,4,4,0,0,6,5,3,0,2,0,1,2,0,1,0,1,1,2,6,1,0,0,0,3,1,0,1,1,2,0,2,0,0,0,2,0,1,3,1,3,2,0,6,1,1,1,0,2,,,,,,,,,,,,,,,,,,,,,
Judge Napolitano,503483,conservative,male,judgenap,66,3719,28.43,99,8,56.35,99:11,106,64,19,23,0,3,1,1,0,1,1,1,0,2,1,3,1,0,2,0,0,6,1,0,1,0,0,0,1,2,0,3,0,2,0,0,2,2,4,5,0,0,0,0,0,2,0,3,9,1,2,3,0,0,1,3,0,2,1,1,0,3,3,1,0,0,2,0,0,4,,,,,,,,,
Leslie Jones,759517,liberal,female,lesdoggg,49,2569,34.36,99,3,52.43,99:11,89,42,23,18,3,1,3,3,0,3,1,2,1,0,0,2,2,1,0,3,0,0,0,0,0,1,2,1,0,0,0,0,4,0,0,0,1,6,3,1,1,3,0,0,0,7,1,0,3,1,0,0,0,,,,,,,,,,,,,,,,,,,,,,,,,,
Ari Melber,237431,liberal,male,AriMelber,32,1145,28.42,99,7,35.78,10:3,35,20,8,5,1,0,0,1,0,1,2,0,0,1,1,0,1,0,1,1,0,0,0,7,0,2,0,1,2,0,0,1,0,0,0,2,,,,,,,,,,,,,,,,,,,,,,,,,,,,,,,,,,,,,,,,,,,
Paul Krugman,3583097,liberal,male,paulkrugman,39,2133,34.61,99,4,54.69,99:10,68,32,6,28,0,0,0,0,3,2,1,1,0,2,2,16,0,1,0,0,1,0,0,2,1,2,0,1,2,3,4,0,4,0,2,7,2,1,0,0,0,0,0,,,,,,,,,,,,,,,,,,,,,,,,,,,,,,,,,,,,
Robert Reich,504706,liberal,male,RBReich,55,4663,22.89,99,13,84.78,99:33,173,133,18,20,3,12,4,3,1,0,3,2,2,3,4,3,2,0,3,2,1,1,2,3,8,5,1,2,2,3,5,1,3,2,1,2,1,4,7,2,4,1,3,1,4,3,2,4,1,1,1,7,0,3,1,3,3,3,5,,,,,,,,,,,,,,,,,,,,
Joe Scarborough,1793077,conservative,male,JoeNBC,31,2278,30.66,99,7,73.48,99:16,86,42,15,27,2,1,5,6,2,1,1,2,2,1,2,5,1,0,0,1,2,4,2,3,4,1,3,0,7,3,2,0,1,1,4,,,,,,,,,,,,,,,,,,,,,,,,,,,,,,,,,,,,,,,,,,,,
Jim Roberts,204844,liberal,male,nycjim,32,320,18.37,99,0,10.00,1:7,12,9,0,3,0,0,0,0,0,1,0,0,0,0,0,0,2,0,0,0,5,0,0,0,1,2,0,1,0,0,0,0,0,0,0,0,,,,,,,,,,,,,,,,,,,,,,,,,,,,,,,,,,,,,,,,,,,
Amberin Zaman,333479,unknown,female,amberinzaman,20,81,6.05,27,0,4.05,2:5,14,8,3,3,0,0,0,0,0,2,0,0,1,0,1,0,0,0,1,0,5,1,0,0,,,,,,,,,,,,,,,,,,,,,,,,,,,,,,,,,,,,,,,,,,,,,,,,,,,,,,,
Samantha Bee,472762,liberal,female,iamsambee,7,208,14.22,52,7,29.71,52:1,12,3,3,5,0,5,1,1,0,1,0,,,,,,,,,,,,,,,,,,,,,,,,,,,,,,,,,,,,,,,,,,,,,,,,,,,,,,,,,,,,,,,,,,,,
Sean Hannity,2900653,conservative,male,seanhannity,55,5421,2.25,99,86,98.56,99:53,369,187,51,118,6,6,10,4,3,7,6,13,12,5,7,2,4,9,4,5,3,5,7,4,2,5,5,8,7,6,16,3,6,5,6,10,6,2,5,8,4,4,3,3,8,4,2,8,3,8,6,4,3,6,2,6,3,1,5,,,,,,,,,,,,,,,,,,,,
Anne Bayefsky,213688,unknown,female,AnneBayefsky,74,518,10.30,54,0,7.00,1:12,27,14,3,10,0,0,0,0,0,0,0,0,1,0,0,0,0,0,0,0,0,0,4,0,0,0,0,1,0,0,0,0,0,0,0,0,0,0,0,0,0,0,2,0,0,0,0,0,0,0,0,0,1,0,0,0,1,0,1,0,0,0,3,0,0,0,3,0,1,0,3,1,1,0,0,0,0,1,
Thomas L. Friedman,819987,liberal,male,tomfriedman,70,2898,33.75,99,0,41.40,99:13,86,39,14,33,0,0,0,0,4,1,0,0,0,3,1,0,0,0,2,0,1,0,1,3,3,1,0,1,8,5,0,7,0,2,2,0,0,1,1,0,0,0,2,0,0,0,1,1,8,2,0,0,0,0,1,1,0,0,0,0,0,1,0,0,0,1,0,0,1,0,1,0,3,2,,,,,
Katrina vanden Heuvel,182109,liberal,female,katrinanation,14,75,7.09,28,0,5.36,0:4,0,0,0,0,0,0,0,0,0,0,0,0,0,0,0,0,0,0,,,,,,,,,,,,,,,,,,,,,,,,,,,,,,,,,,,,,,,,,,,,,,,,,,,,,,,,,,,,,
Bernie Sanders,8119895,liberal,male,BernieSanders,33,3152,13.72,99,40,95.52,99:31,151,66,16,66,10,5,2,6,5,1,1,10,1,1,14,2,5,5,2,4,3,3,7,1,2,3,3,4,1,1,5,2,0,1,6,7,9,,,,,,,,,,,,,,,,,,,,,,,,,,,,,,,,,,,,,,,,,,
Charles Krauthammer,877356,conservative,male,krauthammer,71,5778,28.29,99,7,81.38,99:46,148,97,26,21,1,2,0,9,3,2,2,5,1,1,0,2,0,2,1,0,5,3,6,0,0,0,1,2,2,1,3,1,7,4,1,1,0,2,2,3,1,0,1,1,2,0,0,1,2,4,0,2,0,4,4,0,5,0,0,0,1,3,2,0,2,0,0,0,2,1,1,0,0,4,0,,,,
Glenn Beck,1199113,conservative,male,glennbeck,73,2221,27.90,99,2,30.42,6:6,104,53,9,35,0,0,0,3,2,0,1,0,1,0,0,2,0,1,1,0,0,4,2,1,0,0,0,0,2,1,1,0,1,0,3,1,8,2,0,3,0,0,0,0,0,5,4,0,2,3,5,0,3,0,0,1,0,3,0,2,2,0,1,0,0,0,0,1,3,5,1,0,0,2,5,0,0,,
Ann Curry,1647348,liberal,female,anncurry,59,1332,21.99,99,3,22.58,5:5,17,8,9,0,0,1,0,0,1,0,0,0,0,0,0,0,0,0,1,0,0,0,0,1,0,0,0,0,0,0,0,0,0,0,0,0,0,0,1,0,0,1,0,0,0,0,1,0,0,0,1,0,0,0,0,0,0,0,0,0,0,0,0,,,,,,,,,,,,,,,,
Ann Coulter,1712783,conservative,female,anncoulter,16,1524,14.52,99,39,95.25,99:15,86,46,17,21,3,3,10,5,9,6,0,1,1,2,5,3,7,3,6,3,,,,,,,,,,,,,,,,,,,,,,,,,,,,,,,,,,,,,,,,,,,,,,,,,,,,,,,,,,,
Gloria Steinem,285860,liberal,female,gloriasteinem,60,465,9.97,61,0,7.75,3:12,33,13,5,13,2,0,0,1,0,0,0,2,0,0,0,0,0,0,0,0,1,0,0,0,1,0,0,1,1,0,0,0,0,0,0,2,0,1,0,1,0,1,0,1,0,2,0,0,0,3,0,0,0,0,0,0,0,0,0,3,0,0,0,3,,,,,,,,,,,,,,,
Matt Fuller,84137,liberal,male,MEPFuller,27,545,19.91,99,0,20.19,1:2,12,10,2,0,0,0,0,0,0,1,0,1,2,0,3,0,1,0,0,0,0,0,0,0,0,0,0,0,2,0,0,,,,,,,,,,,,,,,,,,,,,,,,,,,,,,,,,,,,,,,,,,,,,,,,
Megyn Kelly,2406172,conservative,female,megynkelly,41,2661,34.10,99,8,64.90,99:18,136,49,35,50,1,0,0,2,1,2,4,2,0,1,1,1,3,1,5,3,5,1,1,1,3,1,2,0,4,3,7,6,0,5,0,2,1,1,4,3,7,8,2,5,0,,,,,,,,,,,,,,,,,,,,,,,,,,,,,,,,,,
Jake Tapper,1406218,conservative,male,jaketapper,33,2217,29.85,99,14,67.18,99:11,139,65,28,44,5,1,4,7,2,2,4,7,0,3,8,10,3,1,3,0,0,6,4,2,1,3,1,8,6,0,3,1,0,1,7,3,3,,,,,,,,,,,,,,,,,,,,,,,,,,,,,,,,,,,,,,,,,,
Bill O'Reilly,2583490,conservative,male,billoreilly,65,6225,12.88,99,22,95.77,99:59,239,102,53,74,1,1,3,4,3,1,0,4,3,2,5,2,2,2,3,2,6,6,2,4,3,2,9,4,2,3,2,1,4,1,4,4,1,2,1,1,5,1,4,2,6,4,4,6,5,3,3,0,9,3,0,3,1,2,1,0,0,1,2,2,2,1,4,1,1,,,,,,,,,,
Larry Sabato,118714,unknown,male,LarrySabato,50,728,24.87,99,0,14.56,1:9,17,10,3,4,0,0,0,0,0,0,0,0,0,0,0,0,0,0,0,0,0,1,4,1,0,0,3,1,0,0,0,0,0,1,0,3,0,0,0,0,0,0,0,0,0,0,0,0,0,0,0,0,0,0,,,,,,,,,,,,,,,,,,,,,,,,,
Andrea Mitchell,1494872,liberal,female,mitchellreports,30,1344,37.58,99,2,44.80,99:7,74,43,12,17,1,2,8,0,6,0,0,0,3,1,4,3,0,0,0,2,5,4,1,0,5,0,7,0,0,0,0,0,2,6,,,,,,,,,,,,,,,,,,,,,,,,,,,,,,,,,,,,,,,,,,,,,
Dana Perino,1694653,conservative,female,danaperino,30,1566,33.52,99,3,52.20,99:6,83,45,8,30,6,2,0,2,2,3,4,5,4,0,3,0,2,0,0,1,2,1,3,5,1,0,4,2,2,8,6,0,3,4,,,,,,,,,,,,,,,,,,,,,,,,,,,,,,,,,,,,,,,,,,,,,
Sarah Palin,1472183,conservative,female,sarahpalinusa,73,4879,29.65,99,7,66.84,99:23,269,122,46,92,1,4,2,0,0,4,3,5,1,1,3,4,2,3,4,2,3,2,4,6,3,4,1,4,5,2,4,15,0,2,2,10,3,1,2,1,2,2,0,0,2,2,5,1,2,3,1,1,8,3,0,4,6,2,1,2,1,2,11,1,1,2,0,2,5,3,2,2,0,0,7,4,11,,
Jonathan Capehart,261363,liberal,male,capehartj,45,795,22.21,96,0,17.67,7:7,25,10,15,0,0,1,0,0,1,0,0,0,0,0,0,0,0,0,0,0,2,0,1,0,1,0,0,0,1,0,0,0,1,0,0,0,1,0,0,0,0,1,0,0,0,0,0,0,0,,,,,,,,,,,,,,,,,,,,,,,,,,,,,,
Tomi Lahren,845616,conservative,female,tomilahren,39,3817,5.18,99,69,97.87,99:37,283,137,35,106,7,2,8,6,8,4,8,1,6,7,5,5,6,2,7,26,2,3,9,5,5,8,9,6,3,8,14,26,1,2,3,3,8,6,1,5,5,1,2,,,,,,,,,,,,,,,,,,,,,,,,,,,,,,,,,,,,
Harris Faulkner,199453,conservative,female,harrisfaulkner,15,594,37.04,99,7,39.60,99:4,32,14,11,7,0,1,1,0,0,5,0,1,1,3,2,0,3,3,1,,,,,,,,,,,,,,,,,,,,,,,,,,,,,,,,,,,,,,,,,,,,,,,,,,,,,,,,,,,,
Rachel Maddow,8420802,liberal,female,maddow,18,1674,14.46,99,44,93.00,99:14,75,37,10,24,3,1,3,3,5,3,4,1,4,0,2,3,8,4,6,5,2,4,,,,,,,,,,,,,,,,,,,,,,,,,,,,,,,,,,,,,,,,,,,,,,,,,,,,,,,,,
Katie Couric,1798080,liberal,female,katiecouric,49,490,16.75,99,0,10.00,0:9,17,12,4,0,1,0,0,0,0,2,0,0,1,0,0,0,0,0,0,0,0,1,0,0,0,0,0,0,0,2,0,1,0,0,0,0,0,0,0,0,0,0,0,2,0,1,0,0,0,0,1,0,0,,,,,,,,,,,,,,,,,,,,,,,,,,
Markos Moulitsas,171182,liberal,male,markos,8,70,6.55,24,1,8.75,1:1,1,0,0,1,1,0,0,0,0,0,0,0,,,,,,,,,,,,,,,,,,,,,,,,,,,,,,,,,,,,,,,,,,,,,,,,,,,,,,,,,,,,,,,,,,,
Lawrence O'Donnell,2211914,liberal,male,lawrence,18,854,32.04,99,10,47.44,99:4,34,16,9,7,3,0,5,0,4,3,2,1,1,2,0,0,1,0,0,0,1,0,,,,,,,,,,,,,,,,,,,,,,,,,,,,,,,,,,,,,,,,,,,,,,,,,,,,,,,,,
Diane Sawyer,902267,liberal,female,dianesawyer,45,2650,33.22,99,9,58.89,99:12,59,34,13,11,2,0,0,0,0,2,1,0,1,1,0,1,1,2,0,1,0,0,0,0,4,0,0,9,0,0,0,0,2,0,2,0,7,1,2,0,0,0,0,1,2,1,1,1,0,,,,,,,,,,,,,,,,,,,,,,,,,,,,,,
Michael Smith,487977,liberal,male,michaelsmith,20,224,13.52,52,0,11.20,3:3,9,3,2,4,0,0,0,1,0,0,0,0,0,0,1,0,0,0,0,0,0,4,0,1,,,,,,,,,,,,,,,,,,,,,,,,,,,,,,,,,,,,,,,,,,,,,,,,,,,,,,,
Kirsten Powers,252744,liberal,female,kirstenpowers,40,1858,35.22,99,4,46.45,99:10,68,36,11,21,3,0,0,6,2,0,1,0,0,0,0,1,5,0,3,4,1,0,0,6,2,0,0,2,1,2,1,0,0,1,0,0,3,4,1,1,2,2,1,2,,,,,,,,,,,,,,,,,,,,,,,,,,,,,,,,,,,
Kimberly Guilfoyle,1265839,conservative,female,kimguilfoyle,51,3650,30.04,99,11,71.57,99:20,162,71,50,41,2,0,0,2,2,4,2,0,3,3,4,0,7,2,1,1,1,2,1,0,1,2,4,2,0,2,2,3,4,5,3,2,4,0,2,0,7,0,0,2,1,3,0,4,0,5,8,4,2,2,1,,,,,,,,,,,,,,,,,,,,,,,,
Andy Levy,223824,conservative,male,andylevy,8,129,9.35,32,4,16.12,32:1,3,3,0,0,0,0,1,0,2,0,0,0,,,,,,,,,,,,,,,,,,,,,,,,,,,,,,,,,,,,,,,,,,,,,,,,,,,,,,,,,,,,,,,,,,,
Andrew Sullivan,120965,conservative,male,sullydish,45,699,21.62,99,0,15.53,8:5,23,8,3,7,0,0,3,0,0,0,0,0,0,0,0,0,0,0,0,0,0,0,0,0,3,0,0,2,0,0,0,0,0,0,0,1,0,2,0,1,1,1,0,0,0,0,1,0,0,,,,,,,,,,,,,,,,,,,,,,,,,,,,,,
Aparna Nancherla,258099,unknown,female,aparnapkin,27,878,31.53,99,1,32.52,16:3,49,35,11,3,0,0,0,0,1,0,0,0,4,2,8,0,1,1,1,1,9,4,0,0,1,3,0,2,0,0,0,,,,,,,,,,,,,,,,,,,,,,,,,,,,,,,,,,,,,,,,,,,,,,,,
Neil Cavuto,554104,conservative,male,teamcavuto,45,1899,33.96,99,4,42.20,99:8,59,30,9,17,2,3,0,0,3,1,1,2,0,0,0,0,1,0,1,0,0,0,3,0,0,0,1,0,1,2,0,3,4,1,0,0,1,2,6,1,2,1,0,0,0,0,2,2,1,,,,,,,,,,,,,,,,,,,,,,,,,,,,,,
Trevor Noah,7656225,liberal,male,trevornoah,38,2844,30.33,99,15,74.84,99:19,108,74,25,9,3,7,6,2,2,3,4,3,0,0,0,2,0,2,7,0,1,3,0,0,1,7,4,3,0,2,5,0,1,0,2,1,0,1,1,0,5,5,,,,,,,,,,,,,,,,,,,,,,,,,,,,,,,,,,,,,
David Frum,538756,conservative,male,davidfrum,38,2599,35.00,99,8,68.39,99:19,102,66,20,13,0,3,0,1,0,1,1,2,2,0,1,1,6,7,5,1,2,1,5,11,2,0,7,1,0,0,4,1,3,1,1,4,1,0,0,2,0,2,,,,,,,,,,,,,,,,,,,,,,,,,,,,,,,,,,,,,
Andrea Tantaros,505607,conservative,female,andreatantaros,66,5833,19.40,99,14,88.38,99:41,82,36,18,26,1,0,1,0,1,4,1,2,0,1,1,1,0,1,4,0,2,0,0,1,0,0,2,0,2,0,1,0,5,0,1,1,2,0,2,1,1,0,1,1,1,1,1,0,4,0,0,0,0,1,1,2,0,0,1,0,1,2,0,0,2,2,2,0,0,0,,,,,,,,,
Donna Brazile,649630,liberal,female,donnabrazile,37,1158,28.72,99,3,31.30,3:3,112,61,10,40,3,6,1,1,2,1,3,1,0,3,2,9,4,5,3,7,5,2,0,0,0,2,2,0,1,7,4,3,1,3,2,4,7,3,1,1,2,,,,,,,,,,,,,,,,,,,,,,,,,,,,,,,,,,,,,,